ip,isp,watermark
178.128.58.166,DigitalOcean LLC,426352781
150.109.19.136,Tencent Cloud Computing (Beijing) Co. Ltd.,0
139.180.212.56,The Constant Company LLC,305419896
178.128.106.68,DigitalOcean LLC,1565133909
165.22.247.3,DigitalOcean LLC,426352781
138.2.87.40,Oracle Corporation,100000
8.214.23.44,Alibaba.com Singapore E-Commerce Private Limited,426352781
165.22.104.235,DigitalOcean LLC,666666
167.71.193.32,DigitalOcean LLC,677045426
128.199.138.206,DigitalOcean LLC,0
157.245.205.11,DigitalOcean LLC,426352781
194.31.53.128,Wolfgang Koehler,0
159.89.206.190,DigitalOcean LLC,305419896
1.32.216.119,RackIP Consultancy Pte. Ltd.,999999
47.241.253.255,Alibaba.com LLC,1234567890
49.0.200.135,Huawei International Pte. Ltd.,0
8.219.185.150,Alibaba.com Singapore E-Commerce Private Limited,1359593325
207.148.69.3,The Constant Company LLC,426352781
139.180.191.129,The Constant Company LLC,305419896
167.99.75.108,DigitalOcean LLC,100000
43.132.254.244,Aceville Pte.Ltd.,100000
8.130.174.159,Aliyun Computing Co. Ltd,305419896
180.215.90.33,CTG Server Ltd.,666666
180.215.90.32,CTG Server Ltd.,666666
180.215.90.34,CTG Server Ltd.,666666
43.135.92.46,Aceville Pte.Ltd.,426352781
178.128.221.18,DigitalOcean LLC,100000
8.218.133.216,Alibaba.com Singapore E-Commerce Private Limited,100000
159.223.63.112,DigitalOcean LLC,1769031074
13.213.108.219,Amazon Data Services Singapore,929139690
154.26.130.12,Contabo Asia Private Ltd,0
